,rank,artist,artist_list,song,ratings,hits,type,song_link,artist_link,star_count
0,1,Ed Sheeran,['Ed Sheeran'],Perfect,"48,238","41,205,313",chords,https://tabs.ultimate-guitar.com/tab/ed-sheeran/perfect-chords-1956589,https://www.ultimate-guitar.com/artist/ed_sheeran_30232,5.0
1,2,Jeff Buckley,['Jeff Buckley'],Hallelujah (ver 2),"54,484","39,807,305",chords,https://tabs.ultimate-guitar.com/tab/jeff-buckley/hallelujah-chords-198052,https://www.ultimate-guitar.com/artist/jeff_buckley_9898,5.0
2,3,Elvis Presley,['Elvis Presley'],Cant Help Falling In Love,"32,809","33,890,059",chords,https://tabs.ultimate-guitar.com/tab/elvis-presley/cant-help-falling-in-love-chords-1086983,https://www.ultimate-guitar.com/artist/elvis_presley_11125,5.0
3,4,Passenger,['Passenger'],Let Her Go,"24,248","31,904,817",chords,https://tabs.ultimate-guitar.com/tab/passenger/let-her-go-chords-1137467,https://www.ultimate-guitar.com/artist/passenger_21762,5.0
4,5,John Legend,['John Legend'],All Of Me,"26,699","29,790,560",chords,https://tabs.ultimate-guitar.com/tab/john-legend/all-of-me-chords-1248578,https://www.ultimate-guitar.com/artist/john_legend_11714,5.0
5,6,Jason Mraz,['Jason Mraz'],Im Yours (ver 11),"16,070","24,611,968",chords,https://tabs.ultimate-guitar.com/tab/jason-mraz/im-yours-chords-373896,https://www.ultimate-guitar.com/artist/jason_mraz_10984,5.0
6,7,Led Zeppelin,['Led Zeppelin'],Stairway To Heaven,"14,093","24,568,608",tab,https://tabs.ultimate-guitar.com/tab/led-zeppelin/stairway-to-heaven-tabs-9488,https://www.ultimate-guitar.com/artist/led_zeppelin_1036,5.0
7,8,Radiohead,['Radiohead'],Creep,"32,994","22,829,081",chords,https://tabs.ultimate-guitar.com/tab/radiohead/creep-chords-4169,https://www.ultimate-guitar.com/artist/radiohead_578,5.0
8,9,Ed Sheeran,['Ed Sheeran'],Thinking Out Loud,"17,356","22,366,807",chords,https://tabs.ultimate-guitar.com/tab/ed-sheeran/thinking-out-loud-chords-1486860,https://www.ultimate-guitar.com/artist/ed_sheeran_30232,5.0
9,10,Vance Joy,['Vance Joy'],Riptide (ver 2),"28,313","21,110,362",chords,https://tabs.ultimate-guitar.com/tab/vance-joy/riptide-chords-1237247,https://www.ultimate-guitar.com/artist/vance_joy_37940,5.0
10,11,Bruno Mars,['Bruno Mars'],When I Was Your Man,"23,375","19,885,644",chords,https://tabs.ultimate-guitar.com/tab/bruno-mars/when-i-was-your-man-chords-1198871,https://www.ultimate-guitar.com/artist/bruno_mars_28280,5.0
11,12,Ed Sheeran,['Ed Sheeran'],Photograph,"19,798","19,428,104",chords,https://tabs.ultimate-guitar.com/tab/ed-sheeran/photograph-chords-1493446,https://www.ultimate-guitar.com/artist/ed_sheeran_30232,5.0
12,13,Oasis,['Oasis'],Dont Look Back In Anger,"21,521","18,503,475",chords,https://tabs.ultimate-guitar.com/tab/oasis/dont-look-back-in-anger-chords-6097,https://www.ultimate-guitar.com/artist/oasis_734,5.0
13,14,Justin Bieber,['Justin Bieber'],Love Yourself,"15,168","18,173,598",chords,https://tabs.ultimate-guitar.com/tab/justin-bieber/love-yourself-chords-1780199,https://www.ultimate-guitar.com/artist/justin_bieber_25667,5.0
14,15,Pink Floyd,['Pink Floyd'],Wish You Were Here,"24,999","18,164,009",chords,https://tabs.ultimate-guitar.com/tab/pink-floyd/wish-you-were-here-chords-44555,https://www.ultimate-guitar.com/artist/pink_floyd_684,5.0
15,16,Metallica,['Metallica'],Nothing Else Matters,"4,833","18,080,472",tab,https://tabs.ultimate-guitar.com/tab/metallica/nothing-else-matters-tabs-8519,https://www.ultimate-guitar.com/artist/metallica_954,4.5
16,17,Goo Goo Dolls,['Goo Goo Dolls'],Iris (ver 4),"9,404","17,074,303",chords,https://tabs.ultimate-guitar.com/tab/goo-goo-dolls/iris-chords-54512,https://www.ultimate-guitar.com/artist/goo_goo_dolls_1375,5.0
17,18,Plain White T's,"[""Plain White T's""]",Airplane,746,"16,906,534",tab,https://tabs.ultimate-guitar.com/tab/plain-white-ts/airplane-tabs-1026549,https://www.ultimate-guitar.com/artist/plain_white_ts_3257,4.5
18,19,Eagles,['Eagles'],Hotel California,"32,920","16,594,317",chords,https://tabs.ultimate-guitar.com/tab/eagles/hotel-california-chords-46190,https://www.ultimate-guitar.com/artist/eagles_1509,5.0
19,20,Coldplay,['Coldplay'],The Scientist (ver 4),"12,953","16,408,412",chords,https://tabs.ultimate-guitar.com/tab/coldplay/the-scientist-chords-180849,https://www.ultimate-guitar.com/artist/coldplay_1782,5.0
20,21,Adele,['Adele'],Someone Like You (ver 2),"4,210","16,214,587",chords,https://tabs.ultimate-guitar.com/tab/adele/someone-like-you-chords-1006040,https://www.ultimate-guitar.com/artist/adele_20519,5.0
21,22,Taylor Swift,['Taylor Swift'],Love Story,"11,796","14,917,967",chords,https://tabs.ultimate-guitar.com/tab/taylor-swift/love-story-chords-730809,https://www.ultimate-guitar.com/artist/taylor_swift_16027,5.0
22,23,Coldplay,['Coldplay'],Viva La Vida,"18,606","14,687,558",chords,https://tabs.ultimate-guitar.com/tab/coldplay/viva-la-vida-chords-675427,https://www.ultimate-guitar.com/artist/coldplay_1782,5.0
23,24,Oasis,['Oasis'],Wonderwall (ver 3),"11,675","14,503,125",chords,https://tabs.ultimate-guitar.com/tab/oasis/wonderwall-chords-39144,https://www.ultimate-guitar.com/artist/oasis_734,5.0
24,25,Oasis,['Oasis'],Wonderwall (ver 2),"9,246","14,151,856",chords,https://tabs.ultimate-guitar.com/tab/oasis/wonderwall-chords-27596,https://www.ultimate-guitar.com/artist/oasis_734,5.0
25,26,Eagles,['Eagles'],Hotel California (ver 2),"2,748","13,492,826",tab,https://tabs.ultimate-guitar.com/tab/eagles/hotel-california-tabs-14288,https://www.ultimate-guitar.com/artist/eagles_1509,4.5
26,27,Paramore,['Paramore'],The Only Exception,"10,663","13,459,841",chords,https://tabs.ultimate-guitar.com/tab/paramore/the-only-exception-chords-874862,https://www.ultimate-guitar.com/artist/paramore_11926,5.0
27,28,Ed Sheeran,['Ed Sheeran'],I See Fire (ver 3),"12,520","13,309,246",chords,https://tabs.ultimate-guitar.com/tab/ed-sheeran/i-see-fire-chords-1430599,https://www.ultimate-guitar.com/artist/ed_sheeran_30232,5.0
28,29,The Animals,['The Animals'],House Of The Rising Sun,"16,306","13,196,385",chords,https://tabs.ultimate-guitar.com/tab/the-animals/house-of-the-rising-sun-chords-18688,https://www.ultimate-guitar.com/artist/the_animals_2019,5.0
29,30,Train,['Train'],Hey Soul Sister (ver 2),"9,881","13,095,614",chords,https://tabs.ultimate-guitar.com/tab/train/hey-soul-sister-chords-884388,https://www.ultimate-guitar.com/artist/train_250,5.0
30,31,Plain White T's,"[""Plain White T's""]",Hey There Delilah (ver 2),"12,427","12,625,520",chords,https://tabs.ultimate-guitar.com/tab/plain-white-ts/hey-there-delilah-chords-337676,https://www.ultimate-guitar.com/artist/plain_white_ts_3257,5.0
31,32,The Beatles,['The Beatles'],Let It Be,"12,242","12,601,593",chords,https://tabs.ultimate-guitar.com/tab/the-beatles/let-it-be-chords-17427,https://www.ultimate-guitar.com/artist/the_beatles_1916,5.0
32,33,"Misc Soundtrack/Lady Gaga, Bradley Cooper","['Misc Soundtrack', 'Lady Gaga', 'Bradley Cooper']",A Star Is Born - Shallow (ver 2),"19,349","12,424,350",chords,https://tabs.ultimate-guitar.com/tab/misc-soundtrack/a-star-is-born-shallow-chords-2488086,https://www.ultimate-guitar.com/artist/misc_soundtrack_910,5.0
33,34,John Denver,['John Denver'],Take Me Home Country Roads (ver 5),"18,118","12,364,870",chords,https://tabs.ultimate-guitar.com/tab/john-denver/take-me-home-country-roads-chords-1101747,https://www.ultimate-guitar.com/artist/john_denver_10167,5.0
34,35,Oasis,['Oasis'],Wonderwall,"2,259","12,272,887",chords,https://tabs.ultimate-guitar.com/tab/oasis/wonderwall-chords-6125,https://www.ultimate-guitar.com/artist/oasis_734,4.5
35,36,Green Day,['Green Day'],Boulevard Of Broken Dreams (ver 3),"12,390","12,187,835",chords,https://tabs.ultimate-guitar.com/tab/green-day/boulevard-of-broken-dreams-chords-146744,https://www.ultimate-guitar.com/artist/green_day_1368,5.0
36,37,Extreme,['Extreme'],More Than Words,"7,636","11,965,847",chords,https://tabs.ultimate-guitar.com/tab/extreme/more-than-words-chords-14087,https://www.ultimate-guitar.com/artist/extreme_1498,5.0
37,38,Coldplay,['Coldplay'],Yellow (ver 2),"20,732","11,950,524",chords,https://tabs.ultimate-guitar.com/tab/coldplay/yellow-chords-114080,https://www.ultimate-guitar.com/artist/coldplay_1782,5.0
38,39,Kodaline,['Kodaline'],All I Want,"12,320","11,933,850",chords,https://tabs.ultimate-guitar.com/tab/kodaline/all-i-want-chords-1180259,https://www.ultimate-guitar.com/artist/kodaline_38213,5.0
39,40,John Lennon,['John Lennon'],Imagine,"13,856","11,808,605",chords,https://tabs.ultimate-guitar.com/tab/john-lennon/imagine-chords-9306,https://www.ultimate-guitar.com/artist/john_lennon_10753,5.0
40,41,Adele,['Adele'],Someone Like You,"15,900","11,588,923",chords,https://tabs.ultimate-guitar.com/tab/adele/someone-like-you-chords-1006751,https://www.ultimate-guitar.com/artist/adele_20519,5.0
41,42,Johnny Cash,['Johnny Cash'],Hurt,"19,446","11,548,663",chords,https://tabs.ultimate-guitar.com/tab/johnny-cash/hurt-chords-89849,https://www.ultimate-guitar.com/artist/johnny_cash_10001,5.0
42,43,The Beatles,['The Beatles'],Yesterday,"10,941","11,262,631",chords,https://tabs.ultimate-guitar.com/tab/the-beatles/yesterday-chords-17450,https://www.ultimate-guitar.com/artist/the_beatles_1916,5.0
43,44,Guns N' Roses,"[""Guns N' Roses""]",Sweet Child O Mine (ver 2),"3,179","11,244,280",tab,https://tabs.ultimate-guitar.com/tab/guns-n-roses/sweet-child-o-mine-tabs-57983,https://www.ultimate-guitar.com/artist/guns_n_roses_1367,4.5
44,45,Imagine Dragons,['Imagine Dragons'],Radioactive,"20,698","11,167,895",chords,https://tabs.ultimate-guitar.com/tab/imagine-dragons/radioactive-chords-1171909,https://www.ultimate-guitar.com/artist/imagine_dragons_36784,5.0
45,46,The Cranberries,['The Cranberries'],Zombie,"16,745","10,857,531",chords,https://tabs.ultimate-guitar.com/tab/the-cranberries/zombie-chords-844902,https://www.ultimate-guitar.com/artist/the_cranberries_1779,5.0
46,47,Creedence Clearwater Revival,['Creedence Clearwater Revival'],Have You Ever Seen The Rain,"22,744","10,833,734",chords,https://tabs.ultimate-guitar.com/tab/creedence-clearwater-revival/have-you-ever-seen-the-rain-chords-56479,https://www.ultimate-guitar.com/artist/creedence_clearwater_revival_1746,5.0
47,48,Lewis Capaldi,['Lewis Capaldi'],Someone You Loved,"23,032","10,811,031",chords,https://tabs.ultimate-guitar.com/tab/lewis-capaldi/someone-you-loved-chords-2512737,https://www.ultimate-guitar.com/artist/lewis_capaldi_76757,5.0
48,49,The Beatles,['The Beatles'],Hey Jude,"4,597","10,783,507",chords,https://tabs.ultimate-guitar.com/tab/the-beatles/hey-jude-chords-17275,https://www.ultimate-guitar.com/artist/the_beatles_1916,5.0
49,50,Frank Sinatra,['Frank Sinatra'],Fly Me To The Moon (ver 2),"14,022","10,757,616",chords,https://tabs.ultimate-guitar.com/tab/frank-sinatra/fly-me-to-the-moon-chords-335196,https://www.ultimate-guitar.com/artist/frank_sinatra_11333,5.0
50,51,Green Day,['Green Day'],Good Riddance Time Of Your Life,"18,338","10,693,314",chords,https://tabs.ultimate-guitar.com/tab/green-day/good-riddance-time-of-your-life-chords-12835,https://www.ultimate-guitar.com/artist/green_day_1368,5.0
51,52,Eric Clapton,['Eric Clapton'],Tears In Heaven,"5,700","10,643,923",tab,https://tabs.ultimate-guitar.com/tab/eric-clapton/tears-in-heaven-tabs-16131,https://www.ultimate-guitar.com/artist/eric_clapton_8974,5.0
52,53,Plain White T's,"[""Plain White T's""]",Hey There Delilah (ver 2),"4,532","10,568,608",tab,https://tabs.ultimate-guitar.com/tab/plain-white-ts/hey-there-delilah-tabs-185406,https://www.ultimate-guitar.com/artist/plain_white_ts_3257,5.0
53,54,Bruno Mars,['Bruno Mars'],Just The Way You Are,"6,157","10,329,748",chords,https://tabs.ultimate-guitar.com/tab/bruno-mars/just-the-way-you-are-chords-970416,https://www.ultimate-guitar.com/artist/bruno_mars_28280,5.0
54,55,James Arthur,['James Arthur'],Say You Wont Let Go (ver 4),"13,052","10,285,786",chords,https://tabs.ultimate-guitar.com/tab/james-arthur/say-you-wont-let-go-chords-1874747,https://www.ultimate-guitar.com/artist/james_arthur_38784,5.0
55,56,Sam Smith,['Sam Smith'],Stay With Me,"6,869","10,266,837",chords,https://tabs.ultimate-guitar.com/tab/sam-smith/stay-with-me-chords-1473600,https://www.ultimate-guitar.com/artist/sam_smith_41350,5.0
56,57,OneRepublic,['OneRepublic'],Counting Stars,"8,980","10,262,413",chords,https://tabs.ultimate-guitar.com/tab/onerepublic/counting-stars-chords-1233464,https://www.ultimate-guitar.com/artist/onerepublic_15735,5.0
57,58,Taylor Swift,['Taylor Swift'],You Belong With Me (ver 2),"9,247","10,203,450",chords,https://tabs.ultimate-guitar.com/tab/taylor-swift/you-belong-with-me-chords-752550,https://www.ultimate-guitar.com/artist/taylor_swift_16027,5.0
58,59,Red Hot Chili Peppers,['Red Hot Chili Peppers'],Under The Bridge,"3,059","10,096,343",tab,https://tabs.ultimate-guitar.com/tab/red-hot-chili-peppers/under-the-bridge-tabs-3832,https://www.ultimate-guitar.com/artist/red_hot_chili_peppers_554,4.5
59,60,Jason Mraz,['Jason Mraz'],Im Yours,"4,702","9,894,954",chords,https://tabs.ultimate-guitar.com/tab/jason-mraz/im-yours-chords-468625,https://www.ultimate-guitar.com/artist/jason_mraz_10984,5.0
60,61,Adele,['Adele'],When We Were Young,"10,908","9,775,886",chords,https://tabs.ultimate-guitar.com/tab/adele/when-we-were-young-chords-1782038,https://www.ultimate-guitar.com/artist/adele_20519,5.0
61,62,Adele,['Adele'],Rolling In The Deep,"1,767","9,572,305",chords,https://tabs.ultimate-guitar.com/tab/adele/rolling-in-the-deep-chords-1007655,https://www.ultimate-guitar.com/artist/adele_20519,4.5
62,63,Pink Floyd,['Pink Floyd'],Wish You Were Here (ver 5),"3,236","9,455,052",tab,https://tabs.ultimate-guitar.com/tab/pink-floyd/wish-you-were-here-tabs-984061,https://www.ultimate-guitar.com/artist/pink_floyd_684,5.0
63,64,Ed Sheeran,['Ed Sheeran'],The A Team,"5,958","9,277,208",chords,https://tabs.ultimate-guitar.com/tab/ed-sheeran/the-a-team-chords-989712,https://www.ultimate-guitar.com/artist/ed_sheeran_30232,5.0
64,65,Christina Perri,['Christina Perri'],Jar Of Hearts,"5,678","9,224,914",chords,https://tabs.ultimate-guitar.com/tab/christina-perri/jar-of-hearts-chords-963934,https://www.ultimate-guitar.com/artist/christina_perri_29331,5.0
65,66,Metallica,['Metallica'],One (ver 2),"3,236","8,851,336",tab,https://tabs.ultimate-guitar.com/tab/metallica/one-tabs-49686,https://www.ultimate-guitar.com/artist/metallica_954,5.0
66,67,Coldplay,['Coldplay'],Fix You (ver 2),"11,997","8,838,583",chords,https://tabs.ultimate-guitar.com/tab/coldplay/fix-you-chords-202594,https://www.ultimate-guitar.com/artist/coldplay_1782,5.0
67,68,Adele,['Adele'],Make You Feel My Love,"15,929","8,832,366",chords,https://tabs.ultimate-guitar.com/tab/adele/make-you-feel-my-love-chords-752102,https://www.ultimate-guitar.com/artist/adele_20519,5.0
68,69,Snow Patrol,['Snow Patrol'],Chasing Cars,"7,707","8,817,253",chords,https://tabs.ultimate-guitar.com/tab/snow-patrol/chasing-cars-chords-355425,https://www.ultimate-guitar.com/artist/snow_patrol_7220,5.0
69,70,Misc Cartoons/Idina Menzel,"['Misc Cartoons', 'Idina Menzel']",Frozen - Let It Go,"6,576","8,718,739",chords,https://tabs.ultimate-guitar.com/tab/misc-cartoons/frozen-let-it-go-chords-1445224,https://www.ultimate-guitar.com/artist/misc_cartoons_6356,5.0
70,71,4 Non Blondes,['4 Non Blondes'],Whats Up (ver 2),"16,696","8,707,690",chords,https://tabs.ultimate-guitar.com/tab/4-non-blondes/whats-up-chords-349210,https://www.ultimate-guitar.com/artist/4_non_blondes_2044,5.0
71,72,"Misc Soundtrack/Lady Gaga, Bradley Cooper","['Misc Soundtrack', 'Lady Gaga', 'Bradley Cooper']",A Star Is Born - Shallow,"23,405","8,705,961",chords,https://tabs.ultimate-guitar.com/tab/misc-soundtrack/a-star-is-born-shallow-chords-2480119,https://www.ultimate-guitar.com/artist/misc_soundtrack_910,5.0
72,73,Rihanna feat. Mikky Ekko,"['Rihanna', 'Mikky Ekko']",Stay,"8,115","8,672,534",chords,https://tabs.ultimate-guitar.com/tab/rihanna/stay-chords-1195964,https://www.ultimate-guitar.com/artist/rihanna_14817,5.0
73,74,Sam Smith,['Sam Smith'],Im Not The Only One,"6,421","8,616,460",chords,https://tabs.ultimate-guitar.com/tab/sam-smith/im-not-the-only-one-chords-1489018,https://www.ultimate-guitar.com/artist/sam_smith_41350,5.0
74,75,Don McLean,['Don McLean'],American Pie,"15,058","8,520,905",chords,https://tabs.ultimate-guitar.com/tab/don-mclean/american-pie-chords-187946,https://www.ultimate-guitar.com/artist/don_mclean_10895,5.0
75,76,The Fray,['The Fray'],How To Save A Life,"5,345","8,503,927",chords,https://tabs.ultimate-guitar.com/tab/the-fray/how-to-save-a-life-chords-258804,https://www.ultimate-guitar.com/artist/the_fray_11997,5.0
76,77,Bruno Mars,['Bruno Mars'],Grenade,"3,874","8,496,760",chords,https://tabs.ultimate-guitar.com/tab/bruno-mars/grenade-chords-993953,https://www.ultimate-guitar.com/artist/bruno_mars_28280,5.0
77,78,Metallica,['Metallica'],Master Of Puppets (ver 2),"3,467","8,460,334",tab,https://tabs.ultimate-guitar.com/tab/metallica/master-of-puppets-tabs-47673,https://www.ultimate-guitar.com/artist/metallica_954,5.0
78,79,Green Day,['Green Day'],Wake Me Up When September Ends (ver 3),"3,689","8,326,176",tab,https://tabs.ultimate-guitar.com/tab/green-day/wake-me-up-when-september-ends-tabs-141135,https://www.ultimate-guitar.com/artist/green_day_1368,5.0
79,80,Metallica,['Metallica'],Fade To Black (ver 2),"2,530","8,259,222",tab,https://tabs.ultimate-guitar.com/tab/metallica/fade-to-black-tabs-23218,https://www.ultimate-guitar.com/artist/metallica_954,5.0
80,81,The Script,['The Script'],The Man Who Cant Be Moved,"3,529","8,225,168",chords,https://tabs.ultimate-guitar.com/tab/the-script/the-man-who-cant-be-moved-chords-716149,https://www.ultimate-guitar.com/artist/the_script_21411,5.0
81,82,Bob Dylan,['Bob Dylan'],Knockin On Heavens Door (ver 2),"14,434","8,066,850",chords,https://tabs.ultimate-guitar.com/tab/bob-dylan/knockin-on-heavens-door-chords-66559,https://www.ultimate-guitar.com/artist/bob_dylan_10212,5.0
82,83,Dolly Parton,['Dolly Parton'],Jolene (ver 2),"23,007","8,028,632",chords,https://tabs.ultimate-guitar.com/tab/dolly-parton/jolene-chords-183019,https://www.ultimate-guitar.com/artist/dolly_parton_11081,5.0
83,84,The Script,['The Script'],Breakeven,"4,169","7,977,591",chords,https://tabs.ultimate-guitar.com/tab/the-script/breakeven-chords-733647,https://www.ultimate-guitar.com/artist/the_script_21411,5.0
84,85,Nirvana,['Nirvana'],Smells Like Teen Spirit,"3,181","7,974,348",tab,https://tabs.ultimate-guitar.com/tab/nirvana/smells-like-teen-spirit-tabs-202727,https://www.ultimate-guitar.com/artist/nirvana_780,5.0
85,86,The Neighbourhood,['The Neighbourhood'],Sweater Weather  Acoustic,"8,837","7,867,217",chords,https://tabs.ultimate-guitar.com/tab/the-neighbourhood/sweater-weather-chords-1237978,https://www.ultimate-guitar.com/artist/the_neighbourhood_39075,5.0
86,87,John Denver,['John Denver'],Take Me Home Country Roads,"21,949","7,796,381",chords,https://tabs.ultimate-guitar.com/tab/john-denver/take-me-home-country-roads-chords-57606,https://www.ultimate-guitar.com/artist/john_denver_10167,5.0
87,88,Guns N' Roses,"[""Guns N' Roses""]",Sweet Child O Mine,"5,760","7,787,962",chords,https://tabs.ultimate-guitar.com/tab/guns-n-roses/sweet-child-o-mine-chords-176076,https://www.ultimate-guitar.com/artist/guns_n_roses_1367,5.0
88,89,The Beatles,['The Beatles'],Let It Be (ver 2),"2,935","7,770,906",chords,https://tabs.ultimate-guitar.com/tab/the-beatles/let-it-be-chords-60690,https://www.ultimate-guitar.com/artist/the_beatles_1916,5.0
89,90,Death Cab for Cutie,['Death Cab for Cutie'],I Will Follow You Into The Dark (ver 3),"12,413","7,769,342",chords,https://tabs.ultimate-guitar.com/tab/death-cab-for-cutie/i-will-follow-you-into-the-dark-chords-335735,https://www.ultimate-guitar.com/artist/death_cab_for_cutie_7750,5.0
90,91,The Beatles,['The Beatles'],Hey Jude (ver 7),"8,529","7,735,351",chords,https://tabs.ultimate-guitar.com/tab/the-beatles/hey-jude-chords-1061739,https://www.ultimate-guitar.com/artist/the_beatles_1916,5.0
91,92,Jeff Buckley,['Jeff Buckley'],Hallelujah,"5,488","7,707,606",chords,https://tabs.ultimate-guitar.com/tab/jeff-buckley/hallelujah-chords-27336,https://www.ultimate-guitar.com/artist/jeff_buckley_9898,5.0
92,93,Elton John,['Elton John'],Your Song,"10,750","7,500,055",chords,https://tabs.ultimate-guitar.com/tab/elton-john/your-song-chords-29113,https://www.ultimate-guitar.com/artist/elton_john_10605,5.0
93,94,Cat Stevens (Yusuf Islam),['Cat Stevens (Yusuf Islam)'],Father And Son,"15,859","7,318,730",chords,https://tabs.ultimate-guitar.com/tab/cat-stevens-yusuf-islam/father-and-son-chords-84491,https://www.ultimate-guitar.com/artist/cat_stevens_yusuf_islam_2658,5.0
94,95,Calum Scott,['Calum Scott'],You Are The Reason (ver 3),"7,923","7,301,454",chords,https://tabs.ultimate-guitar.com/tab/calum-scott/you-are-the-reason-chords-2267805,https://www.ultimate-guitar.com/artist/calum_scott_61085,5.0
95,96,James Blunt,['James Blunt'],Youre Beautiful (ver 2),"4,156","7,244,734",chords,https://tabs.ultimate-guitar.com/tab/james-blunt/youre-beautiful-chords-180394,https://www.ultimate-guitar.com/artist/james_blunt_8871,5.0
96,97,Radiohead,['Radiohead'],Karma Police (ver 2),"9,869","7,236,093",chords,https://tabs.ultimate-guitar.com/tab/radiohead/karma-police-chords-103398,https://www.ultimate-guitar.com/artist/radiohead_578,5.0
97,98,Queen,['Queen'],Bohemian Rhapsody (ver 5),"4,676","7,202,009",chords,https://tabs.ultimate-guitar.com/tab/queen/bohemian-rhapsody-chords-1716013,https://www.ultimate-guitar.com/artist/queen_590,5.0
98,99,A Great Big World feat. Christina Aguilera,"['A Great Big World', 'Christina Aguilera']",Say Something (ver 2),"7,360","7,187,229",chords,https://tabs.ultimate-guitar.com/tab/a-great-big-world/say-something-chords-1429805,https://www.ultimate-guitar.com/artist/a_great_big_world_42233,5.0
99,100,Gotye feat. Kimbra,"['Gotye', 'Kimbra']",Somebody That I Used To Know (ver 2),"4,794","7,060,348",chords,https://tabs.ultimate-guitar.com/tab/gotye/somebody-that-i-used-to-know-chords-1094597,https://www.ultimate-guitar.com/artist/gotye_22374,5.0
100,101,Bob Marley & The Wailers,"['Bob Marley', 'The Wailers']",Redemption Song (ver 2),"7,445","7,057,009",chords,https://tabs.ultimate-guitar.com/tab/bob-marley/redemption-song-chords-417640,https://www.ultimate-guitar.com/artist/bob_marley_9676,5.0
101,102,Metallica,['Metallica'],Enter Sandman (ver 4),"2,399","6,995,321",tab,https://tabs.ultimate-guitar.com/tab/metallica/enter-sandman-tabs-29727,https://www.ultimate-guitar.com/artist/metallica_954,5.0
102,103,The Lumineers,['The Lumineers'],Ho Hey (ver 2),"7,474","6,974,656",chords,https://tabs.ultimate-guitar.com/tab/the-lumineers/ho-hey-chords-1144876,https://www.ultimate-guitar.com/artist/the_lumineers_32384,5.0
103,104,P!nk feat. Nate Ruess,"['P!nk', 'Nate Ruess']",Just Give Me A Reason,"3,291","6,974,644",chords,https://tabs.ultimate-guitar.com/tab/pnk/just-give-me-a-reason-chords-1183088,https://www.ultimate-guitar.com/artist/pnk_612,5.0
104,105,Simon & Garfunkel,['Simon & Garfunkel'],The Sound Of Silence (ver 2),"16,196","6,924,713",chords,https://tabs.ultimate-guitar.com/tab/simon-garfunkel/the-sound-of-silence-chords-159157,https://www.ultimate-guitar.com/artist/simon_garfunkel_274,5.0
105,106,Bon Iver,['Bon Iver'],Skinny Love (ver 2),"4,086","6,884,539",chords,https://tabs.ultimate-guitar.com/tab/bon-iver/skinny-love-chords-835053,https://www.ultimate-guitar.com/artist/bon_iver_21196,5.0
106,107,Green Day,['Green Day'],21 Guns,"3,191","6,873,647",chords,https://tabs.ultimate-guitar.com/tab/green-day/21-guns-chords-823449,https://www.ultimate-guitar.com/artist/green_day_1368,5.0
107,108,Lynyrd Skynyrd,['Lynyrd Skynyrd'],Sweet Home Alabama Intro,"1,522","6,870,975",tab,https://tabs.ultimate-guitar.com/tab/lynyrd-skynyrd/sweet-home-alabama-tabs-9375,https://www.ultimate-guitar.com/artist/lynyrd_skynyrd_1032,4.5
108,109,Shawn Mendes,['Shawn Mendes'],Stitches,"3,214","6,697,516",chords,https://tabs.ultimate-guitar.com/tab/shawn-mendes/stitches-chords-1721601,https://www.ultimate-guitar.com/artist/shawn_mendes_46783,5.0
109,110,Ed Sheeran,['Ed Sheeran'],Shape Of You (ver 2),"1,818","6,654,800",chords,https://tabs.ultimate-guitar.com/tab/ed-sheeran/shape-of-you-chords-1928439,https://www.ultimate-guitar.com/artist/ed_sheeran_30232,5.0
110,111,David Guetta feat. Sia,"['David Guetta', 'Sia']",Titanium (ver 2),"6,365","6,631,580",chords,https://tabs.ultimate-guitar.com/tab/david-guetta/titanium-chords-1098920,https://www.ultimate-guitar.com/artist/david_guetta_9590,5.0
111,112,Mumford & Sons,['Mumford & Sons'],Little Lion Man (ver 2),"5,794","6,615,193",chords,https://tabs.ultimate-guitar.com/tab/mumford-sons/little-lion-man-chords-872773,https://www.ultimate-guitar.com/artist/mumford_sons_26400,5.0
112,113,Foster the People,['Foster the People'],Pumped Up Kicks,"4,216","6,607,008",chords,https://tabs.ultimate-guitar.com/tab/foster-the-people/pumped-up-kicks-chords-1032143,https://www.ultimate-guitar.com/artist/foster_the_people_30265,5.0
113,114,Hozier,['Hozier'],Take Me To Church  Acoustic,"7,210","6,503,528",chords,https://tabs.ultimate-guitar.com/tab/hozier/take-me-to-church-chords-1442757,https://www.ultimate-guitar.com/artist/hozier_42832,5.0
114,115,Queen,['Queen'],Love Of My Life,"8,691","6,481,366",chords,https://tabs.ultimate-guitar.com/tab/queen/love-of-my-life-chords-340088,https://www.ultimate-guitar.com/artist/queen_590,5.0
115,116,Kansas,['Kansas'],Dust In The Wind,"2,582","6,476,605",tab,https://tabs.ultimate-guitar.com/tab/kansas/dust-in-the-wind-tabs-72957,https://www.ultimate-guitar.com/artist/kansas_1065,5.0
116,117,Avicii,['Avicii'],Wake Me Up (ver 2),"2,004","6,472,426",chords,https://tabs.ultimate-guitar.com/tab/avicii/wake-me-up-chords-1397194,https://www.ultimate-guitar.com/artist/avicii_34411,4.5
117,118,Matt Redman,['Matt Redman'],10000 Reasons Bless The Lord,"7,934","6,459,221",chords,https://tabs.ultimate-guitar.com/tab/matt-redman/10000-reasons-bless-the-lord-chords-1076668,https://www.ultimate-guitar.com/artist/matt_redman_11159,5.0
118,119,The White Stripes,['The White Stripes'],Seven Nation Army (ver 7),"1,132","6,440,376",tab,https://tabs.ultimate-guitar.com/tab/the-white-stripes/seven-nation-army-tabs-55331,https://www.ultimate-guitar.com/artist/the_white_stripes_2241,4.5
119,120,Train,['Train'],Drops Of Jupiter,"8,056","6,427,296",chords,https://tabs.ultimate-guitar.com/tab/train/drops-of-jupiter-chords-1433,https://www.ultimate-guitar.com/artist/train_250,5.0
120,121,Ben E. King,['Ben E. King'],Stand By Me,"6,376","6,421,559",chords,https://tabs.ultimate-guitar.com/tab/ben-e-king/stand-by-me-chords-73005,https://www.ultimate-guitar.com/artist/ben_e_king_10676,5.0
121,122,Tracy Chapman,['Tracy Chapman'],Fast Car (ver 3),"6,410","6,418,750",chords,https://tabs.ultimate-guitar.com/tab/tracy-chapman/fast-car-chords-1044807,https://www.ultimate-guitar.com/artist/tracy_chapman_10021,5.0
122,123,Imagine Dragons,['Imagine Dragons'],Demons,"4,010","6,410,923",chords,https://tabs.ultimate-guitar.com/tab/imagine-dragons/demons-chords-1148110,https://www.ultimate-guitar.com/artist/imagine_dragons_36784,5.0
123,124,Nirvana,['Nirvana'],Smells Like Teen Spirit,"3,677","6,404,820",chords,https://tabs.ultimate-guitar.com/tab/nirvana/smells-like-teen-spirit-chords-807883,https://www.ultimate-guitar.com/artist/nirvana_780,4.5
124,125,Daniel Caesar feat. H.E.R.,"['Daniel Caesar', 'H.E.R.']",Best Part,"4,184","6,381,660",chords,https://tabs.ultimate-guitar.com/tab/daniel-caesar/best-part-chords-2126075,https://www.ultimate-guitar.com/artist/daniel_caesar_72935,5.0
125,126,Of Monsters and Men,['Of Monsters and Men'],Little Talks,"7,770","6,375,573",chords,https://tabs.ultimate-guitar.com/tab/of-monsters-and-men/little-talks-chords-1046763,https://www.ultimate-guitar.com/artist/of_monsters_and_men_32346,5.0
126,127,Pixies,['Pixies'],Where Is My Mind,"5,462","6,334,460",chords,https://tabs.ultimate-guitar.com/tab/pixies/where-is-my-mind-chords-89446,https://www.ultimate-guitar.com/artist/pixies_661,5.0
127,128,Bruno Mars,['Bruno Mars'],It Will Rain,"3,106","6,298,034",chords,https://tabs.ultimate-guitar.com/tab/bruno-mars/it-will-rain-chords-1096050,https://www.ultimate-guitar.com/artist/bruno_mars_28280,5.0
128,129,R.E.M.,['R.E.M.'],Losing My Religion (ver 2),"8,027","6,254,952",chords,https://tabs.ultimate-guitar.com/tab/r-e-m-/losing-my-religion-chords-114345,https://www.ultimate-guitar.com/artist/r_e_m__582,5.0
129,130,Christina Perri,['Christina Perri'],A Thousand Years,"5,864","6,252,894",chords,https://tabs.ultimate-guitar.com/tab/christina-perri/a-thousand-years-chords-1101795,https://www.ultimate-guitar.com/artist/christina_perri_29331,5.0
130,131,Keane,['Keane'],Somewhere Only We Know,"7,517","6,215,752",chords,https://tabs.ultimate-guitar.com/tab/keane/somewhere-only-we-know-chords-109970,https://www.ultimate-guitar.com/artist/keane_8014,5.0
131,132,Bruno Mars,['Bruno Mars'],Talking To The Moon,"8,995","6,203,893",chords,https://tabs.ultimate-guitar.com/tab/bruno-mars/talking-to-the-moon-chords-971346,https://www.ultimate-guitar.com/artist/bruno_mars_28280,5.0
132,133,Beyoncé,['Beyoncé'],Halo (ver 2),"4,199","6,198,961",chords,https://tabs.ultimate-guitar.com/tab/759809,https://www.ultimate-guitar.com/artist/43935,5.0
133,134,Misc Soundtrack/Lady Gaga,"['Misc Soundtrack', 'Lady Gaga']",A Star Is Born - Always Remember Us This Way,"12,477","6,195,657",chords,https://tabs.ultimate-guitar.com/tab/misc-soundtrack/a-star-is-born-always-remember-us-this-way-chords-2484211,https://www.ultimate-guitar.com/artist/misc_soundtrack_910,5.0
134,135,Kings of Leon,['Kings of Leon'],Use Somebody (ver 3),"3,362","6,190,165",chords,https://tabs.ultimate-guitar.com/tab/kings-of-leon/use-somebody-chords-799959,https://www.ultimate-guitar.com/artist/kings_of_leon_3751,5.0
135,136,Bryan Adams,['Bryan Adams'],Heaven,"4,795","6,158,001",chords,https://tabs.ultimate-guitar.com/tab/bryan-adams/heaven-chords-20606,https://www.ultimate-guitar.com/artist/bryan_adams_9216,5.0
136,137,Secondhand Serenade,['Secondhand Serenade'],Fall For You (ver 2),"3,276","6,130,188",chords,https://tabs.ultimate-guitar.com/tab/secondhand-serenade/fall-for-you-chords-630290,https://www.ultimate-guitar.com/artist/secondhand_serenade_11803,5.0
137,138,Eraserheads,['Eraserheads'],Ang Huling El Bimbo,"1,730","6,080,228",chords,https://tabs.ultimate-guitar.com/tab/eraserheads/ang-huling-el-bimbo-chords-93614,https://www.ultimate-guitar.com/artist/eraserheads_2736,5.0
138,139,Sixpence None the Richer,['Sixpence None the Richer'],Kiss Me (ver 2),"3,704","6,073,949",chords,https://tabs.ultimate-guitar.com/tab/sixpence-none-the-richer/kiss-me-chords-2707,https://www.ultimate-guitar.com/artist/sixpence_none_the_richer_480,5.0
139,140,John Legend,['John Legend'],All Of Me (ver 3),"8,001","6,068,116",chords,https://tabs.ultimate-guitar.com/tab/john-legend/all-of-me-chords-1432996,https://www.ultimate-guitar.com/artist/john_legend_11714,5.0
140,141,Bill Withers,['Bill Withers'],Aint No Sunshine,"16,197","6,063,524",chords,https://tabs.ultimate-guitar.com/tab/bill-withers/aint-no-sunshine-chords-468744,https://www.ultimate-guitar.com/artist/bill_withers_11594,5.0
141,142,Chris Isaak,['Chris Isaak'],Wicked Game,"12,579","6,001,152",chords,https://tabs.ultimate-guitar.com/tab/chris-isaak/wicked-game-chords-11066,https://www.ultimate-guitar.com/artist/chris_isaak_10572,5.0
142,143,David Bowie,['David Bowie'],Space Oddity,"18,820","5,995,621",chords,https://tabs.ultimate-guitar.com/tab/david-bowie/space-oddity-chords-105869,https://www.ultimate-guitar.com/artist/david_bowie_9864,5.0
143,144,Deep Purple,['Deep Purple'],Smoke On The Water,"1,107","5,964,189",tab,https://tabs.ultimate-guitar.com/tab/deep-purple/smoke-on-the-water-tabs-57672,https://www.ultimate-guitar.com/artist/deep_purple_1636,4.5
144,145,Birdy,['Birdy'],Skinny Love (ver 4),"5,595","5,942,372",chords,https://tabs.ultimate-guitar.com/tab/birdy/skinny-love-chords-1063670,https://www.ultimate-guitar.com/artist/birdy_32654,5.0
145,146,Armada,['Armada'],Harusnya Aku,243,"5,851,586",chords,https://tabs.ultimate-guitar.com/tab/armada/harusnya-aku-chords-1733940,https://www.ultimate-guitar.com/artist/armada_4136,5.0
146,147,Coldplay,['Coldplay'],Fix You (ver 16),"5,151","5,845,308",chords,https://tabs.ultimate-guitar.com/tab/coldplay/fix-you-chords-1863305,https://www.ultimate-guitar.com/artist/coldplay_1782,5.0
147,148,Gary Jules,['Gary Jules'],Mad World,"13,103","5,841,738",chords,https://tabs.ultimate-guitar.com/tab/gary-jules/mad-world-chords-97039,https://www.ultimate-guitar.com/artist/gary_jules_10636,5.0
148,149,Jeff Buckley,['Jeff Buckley'],Hallelujah (ver 3),"5,647","5,750,738",chords,https://tabs.ultimate-guitar.com/tab/jeff-buckley/hallelujah-chords-328812,https://www.ultimate-guitar.com/artist/jeff_buckley_9898,5.0
149,150,A Great Big World feat. Christina Aguilera,"['A Great Big World', 'Christina Aguilera']",Say Something (ver 3),"5,254","5,728,807",chords,https://tabs.ultimate-guitar.com/tab/a-great-big-world/say-something-chords-1443639,https://www.ultimate-guitar.com/artist/a_great_big_world_42233,5.0
150,151,James Bay,['James Bay'],Let It Go (ver 2),"5,953","5,720,419",chords,https://tabs.ultimate-guitar.com/tab/james-bay/let-it-go-chords-1680532,https://www.ultimate-guitar.com/artist/james_bay_41818,5.0
151,152,Fiersa Besari feat. Thantri Sundari,"['Fiersa Besari', 'Thantri Sundari']",Waktu Yang Salah,402,"5,706,108",chords,https://tabs.ultimate-guitar.com/tab/fiersa-besari/waktu-yang-salah-chords-1693913,https://www.ultimate-guitar.com/artist/fiersa_besari_43192,5.0
152,153,The Beatles,['The Beatles'],Blackbird (ver 5),"5,093","5,694,167",tab,https://tabs.ultimate-guitar.com/tab/the-beatles/blackbird-tabs-180986,https://www.ultimate-guitar.com/artist/the_beatles_1916,5.0
153,154,Ozzy Osbourne,['Ozzy Osbourne'],Crazy Train (ver 4),"1,901","5,690,013",tab,https://tabs.ultimate-guitar.com/tab/ozzy-osbourne/crazy-train-tabs-38622,https://www.ultimate-guitar.com/artist/ozzy_osbourne_11046,4.5
154,155,Hillsong United,['Hillsong United'],Oceans Where Feet May Fail,"6,443","5,666,156",chords,https://tabs.ultimate-guitar.com/tab/hillsong-united/oceans-where-feet-may-fail-chords-1218238,https://www.ultimate-guitar.com/artist/hillsong_united_19737,5.0
155,156,One Direction,['One Direction'],Night Changes,"4,938","5,660,859",chords,https://tabs.ultimate-guitar.com/tab/one-direction/night-changes-chords-1678440,https://www.ultimate-guitar.com/artist/one_direction_31267,5.0
156,157,Pink Floyd,['Pink Floyd'],Wish You Were Here (ver 4),"5,659","5,630,806",tab,https://tabs.ultimate-guitar.com/tab/pink-floyd/wish-you-were-here-tabs-104578,https://www.ultimate-guitar.com/artist/pink_floyd_684,5.0
157,158,Jason Mraz,['Jason Mraz'],Im Yours,237,"5,615,245",tab,https://tabs.ultimate-guitar.com/tab/jason-mraz/im-yours-tabs-263920,https://www.ultimate-guitar.com/artist/jason_mraz_10984,3.5
158,159,Jason Mraz feat. Colbie Caillat,"['Jason Mraz', 'Colbie Caillat']",Lucky,"3,499","5,597,643",chords,https://tabs.ultimate-guitar.com/tab/jason-mraz/lucky-chords-681255,https://www.ultimate-guitar.com/artist/jason_mraz_10984,5.0
159,160,Black Sabbath,['Black Sabbath'],Iron Man (ver 2),"2,357","5,588,802",tab,https://tabs.ultimate-guitar.com/tab/black-sabbath/iron-man-tabs-21301,https://www.ultimate-guitar.com/artist/black_sabbath_1898,5.0
160,161,The Beatles,['The Beatles'],Here Comes The Sun (ver 3),"5,416","5,535,110",tab,https://tabs.ultimate-guitar.com/tab/the-beatles/here-comes-the-sun-tabs-201130,https://www.ultimate-guitar.com/artist/the_beatles_1916,5.0
161,162,Red Hot Chili Peppers,['Red Hot Chili Peppers'],Californication,"6,447","5,511,962",chords,https://tabs.ultimate-guitar.com/tab/red-hot-chili-peppers/californication-chords-202765,https://www.ultimate-guitar.com/artist/red_hot_chili_peppers_554,5.0
162,163,David Guetta feat. Sia,"['David Guetta', 'Sia']",Titanium,"1,943","5,510,730",chords,https://tabs.ultimate-guitar.com/tab/david-guetta/titanium-chords-1085977,https://www.ultimate-guitar.com/artist/david_guetta_9590,4.5
163,164,Red Hot Chili Peppers,['Red Hot Chili Peppers'],Snow Hey Oh,"1,284","5,502,457",tab,https://tabs.ultimate-guitar.com/tab/red-hot-chili-peppers/snow-hey-oh-tabs-360889,https://www.ultimate-guitar.com/artist/red_hot_chili_peppers_554,4.5
164,165,Wham!,['Wham!'],Last Christmas,"4,052","5,479,071",chords,https://tabs.ultimate-guitar.com/tab/wham/last-christmas-chords-169565,https://www.ultimate-guitar.com/artist/wham_12597,5.0
165,166,Nirvana,['Nirvana'],Come As You Are,"1,228","5,473,536",tab,https://tabs.ultimate-guitar.com/tab/nirvana/come-as-you-are-tabs-47319,https://www.ultimate-guitar.com/artist/nirvana_780,4.5
166,167,Extreme,['Extreme'],More Than Words (ver 3),"1,159","5,458,108",tab,https://tabs.ultimate-guitar.com/tab/extreme/more-than-words-tabs-41780,https://www.ultimate-guitar.com/artist/extreme_1498,5.0
167,168,Eric Clapton,['Eric Clapton'],Tears In Heaven,"5,199","5,428,167",chords,https://tabs.ultimate-guitar.com/tab/eric-clapton/tears-in-heaven-chords-627220,https://www.ultimate-guitar.com/artist/eric_clapton_8974,5.0
168,169,Avenged Sevenfold,['Avenged Sevenfold'],So Far Away,"2,984","5,420,482",chords,https://tabs.ultimate-guitar.com/tab/avenged-sevenfold/so-far-away-chords-972646,https://www.ultimate-guitar.com/artist/avenged_sevenfold_7668,5.0
169,170,Aerosmith,['Aerosmith'],I Dont Want To Miss A Thing,"2,743","5,417,401",chords,https://tabs.ultimate-guitar.com/tab/aerosmith/i-dont-want-to-miss-a-thing-chords-59465,https://www.ultimate-guitar.com/artist/aerosmith_2022,5.0
170,171,Stephen Sanchez,['Stephen Sanchez'],Until I Found You (ver 2),"5,460","5,350,764",chords,https://tabs.ultimate-guitar.com/tab/stephen-sanchez/until-i-found-you-chords-3860363,https://www.ultimate-guitar.com/artist/stephen_sanchez_597908,5.0
171,172,Oasis,['Oasis'],Wonderwall (ver 5),"1,218","5,342,341",chords,https://tabs.ultimate-guitar.com/tab/oasis/wonderwall-chords-165916,https://www.ultimate-guitar.com/artist/oasis_734,5.0
172,173,Tom Odell,['Tom Odell'],Another Love,"6,912","5,326,968",chords,https://tabs.ultimate-guitar.com/tab/tom-odell/another-love-chords-1198980,https://www.ultimate-guitar.com/artist/tom_odell_39037,5.0
173,174,Lukas Graham,['Lukas Graham'],7 Years (ver 2),"6,278","5,320,939",chords,https://tabs.ultimate-guitar.com/tab/lukas-graham/7-years-chords-1752864,https://www.ultimate-guitar.com/artist/lukas_graham_35652,5.0
174,175,Parokya ni Edgar,['Parokya ni Edgar'],Harana,822,"5,311,604",chords,https://tabs.ultimate-guitar.com/tab/parokya-ni-edgar/harana-chords-79821,https://www.ultimate-guitar.com/artist/parokya_ni_edgar_2752,5.0
175,176,Metallica,['Metallica'],Nothing Else Matters,"3,502","5,300,860",chords,https://tabs.ultimate-guitar.com/tab/metallica/nothing-else-matters-chords-8802,https://www.ultimate-guitar.com/artist/metallica_954,5.0
176,177,Queen,['Queen'],Bohemian Rhapsody,"2,512","5,294,067",chords,https://tabs.ultimate-guitar.com/tab/queen/bohemian-rhapsody-chords-40606,https://www.ultimate-guitar.com/artist/queen_590,5.0
177,178,Ed Sheeran,['Ed Sheeran'],The A Team (ver 11),"3,062","5,224,364",chords,https://tabs.ultimate-guitar.com/tab/ed-sheeran/the-a-team-chords-1196902,https://www.ultimate-guitar.com/artist/ed_sheeran_30232,5.0
178,179,Conan Gray,['Conan Gray'],Heather,"10,049","5,206,251",chords,https://tabs.ultimate-guitar.com/tab/conan-gray/heather-chords-3034029,https://www.ultimate-guitar.com/artist/conan_gray_75477,5.0
179,180,Old Crow Medicine Show,['Old Crow Medicine Show'],Wagon Wheel,"9,172","5,163,093",chords,https://tabs.ultimate-guitar.com/tab/old-crow-medicine-show/wagon-wheel-chords-754823,https://www.ultimate-guitar.com/artist/old_crow_medicine_show_11847,5.0
180,181,One Direction,['One Direction'],Little Things (ver 3),"3,388","5,158,827",chords,https://tabs.ultimate-guitar.com/tab/one-direction/little-things-chords-1191790,https://www.ultimate-guitar.com/artist/one_direction_31267,5.0
181,182,Taylor Swift,['Taylor Swift'],Teardrops On My Guitar,"4,360","5,156,241",chords,https://tabs.ultimate-guitar.com/tab/taylor-swift/teardrops-on-my-guitar-chords-429289,https://www.ultimate-guitar.com/artist/taylor_swift_16027,5.0
182,183,Sam Smith,['Sam Smith'],Too Good At Goodbyes,"5,031","5,147,968",chords,https://tabs.ultimate-guitar.com/tab/sam-smith/too-good-at-goodbyes-chords-2142281,https://www.ultimate-guitar.com/artist/sam_smith_41350,5.0
183,184,Linkin Park,['Linkin Park'],Numb,"5,153","5,138,523",chords,https://tabs.ultimate-guitar.com/tab/linkin-park/numb-chords-90873,https://www.ultimate-guitar.com/artist/linkin_park_1025,5.0
184,185,Johnny Cash,['Johnny Cash'],Ring Of Fire,"8,682","5,119,121",chords,https://tabs.ultimate-guitar.com/tab/johnny-cash/ring-of-fire-chords-63352,https://www.ultimate-guitar.com/artist/johnny_cash_10001,5.0
185,186,The Beatles,['The Beatles'],Blackbird (ver 2),"3,058","5,095,154",tab,https://tabs.ultimate-guitar.com/tab/the-beatles/blackbird-tabs-56997,https://www.ultimate-guitar.com/artist/the_beatles_1916,5.0
186,187,MAGIC!,['MAGIC!'],Rude (ver 2),"2,928","5,053,732",chords,https://tabs.ultimate-guitar.com/tab/magic/rude-chords-1445813,https://www.ultimate-guitar.com/artist/magic_68210,5.0
187,188,Bob Marley,['Bob Marley'],Three Little Birds,"6,869","5,048,516",chords,https://tabs.ultimate-guitar.com/tab/bob-marley/three-little-birds-chords-166605,https://www.ultimate-guitar.com/artist/bob_marley_9676,5.0
188,189,Adele,['Adele'],Rolling In The Deep (ver 4),"4,071","5,035,974",chords,https://tabs.ultimate-guitar.com/tab/adele/rolling-in-the-deep-chords-1028320,https://www.ultimate-guitar.com/artist/adele_20519,5.0
189,190,Guns N' Roses,"[""Guns N' Roses""]",Sweet Child O Mine,776,"5,008,299",tab,https://tabs.ultimate-guitar.com/tab/guns-n-roses/sweet-child-o-mine-tabs-12657,https://www.ultimate-guitar.com/artist/guns_n_roses_1367,4.5
190,191,Bright Eyes,['Bright Eyes'],First Day Of My Life,"7,600","4,982,455",chords,https://tabs.ultimate-guitar.com/tab/bright-eyes/first-day-of-my-life-chords-154240,https://www.ultimate-guitar.com/artist/bright_eyes_2378,5.0
191,192,Ben E. King,['Ben E. King'],Stand By Me (ver 7),"7,184","4,965,943",chords,https://tabs.ultimate-guitar.com/tab/ben-e-king/stand-by-me-chords-1724608,https://www.ultimate-guitar.com/artist/ben_e_king_10676,5.0
192,193,Darius Rucker,['Darius Rucker'],Wagon Wheel,"13,506","4,957,981",chords,https://tabs.ultimate-guitar.com/tab/darius-rucker/wagon-wheel-chords-1215756,https://www.ultimate-guitar.com/artist/darius_rucker_11235,5.0
193,194,Grover Washington Jr. & Bill Withers,"['Grover Washington Jr.', 'Bill Withers']",Just The Two Of Us,"5,694","4,932,170",chords,https://tabs.ultimate-guitar.com/tab/grover-washington-jr-/just-the-two-of-us-chords-663141,https://www.ultimate-guitar.com/artist/grover_washington_jr__22032,5.0
194,195,Joseph Vincent,['Joseph Vincent'],Cant Take My Eyes Off You,"2,805","4,911,723",chords,https://tabs.ultimate-guitar.com/tab/joseph-vincent/cant-take-my-eyes-off-you-chords-1883548,https://www.ultimate-guitar.com/artist/joseph_vincent_34227,5.0
195,196,Sia,['Sia'],Chandelier (ver 3),"4,656","4,882,356",chords,https://tabs.ultimate-guitar.com/tab/sia/chandelier-chords-1476462,https://www.ultimate-guitar.com/artist/sia_9670,5.0
196,197,Misc Christmas,['Misc Christmas'],Jingle Bells,"3,919","4,879,299",chords,https://tabs.ultimate-guitar.com/tab/misc-christmas/jingle-bells-chords-273336,https://www.ultimate-guitar.com/artist/misc_christmas_933,5.0
197,198,America,['America'],A Horse With No Name,"6,979","4,845,166",chords,https://tabs.ultimate-guitar.com/tab/america/a-horse-with-no-name-chords-59609,https://www.ultimate-guitar.com/artist/america_2386,5.0
198,199,Red Hot Chili Peppers,['Red Hot Chili Peppers'],Californication,611,"4,797,670",tab,https://tabs.ultimate-guitar.com/tab/red-hot-chili-peppers/californication-tabs-202766,https://www.ultimate-guitar.com/artist/red_hot_chili_peppers_554,4.5
199,200,Bruno Mars,['Bruno Mars'],Count On Me (ver 3),"6,251","4,781,391",chords,https://tabs.ultimate-guitar.com/tab/bruno-mars/count-on-me-chords-958496,https://www.ultimate-guitar.com/artist/bruno_mars_28280,5.0
